Name,SKU,Description,Brand
"Road-750 Black, 58",BK-R19B-58,Entry level adult bike; offers a comfortable ride cross-country or down the block. Quick-release hubs and rims.,ACME Corporation
LL Road Seat/Saddle,SE-R581,Lightweight foam-padded saddle.,Hill's Bicycle Service
Rear Brakes,RB-9231,,Superior Bicycles
External Lock Washer 9,LE-1201,,Expert Bike Co
Hex Nut 2,HN-5400,,Norstan Bike Hut
Thin-Jam Hex Nut 8,HJ-7162,,Advanced Bicycles
Hex Nut 3,HN-6320,,Norstan Bike Hut
Thin-Jam Lock Nut 12,LJ-9080,,Leaf River Terrain
Lock Nut 17,LN-1220,,Bergeron Off-Roads
HL Nipple,NI-9522,,Consumer Cycles
Lock Nut 20,LN-5811,,Mountain Works
"Mountain-100 Silver, 38",BK-M82S-38,"Top-of-the-line competition mountain bike. Performance-enhancing options include the innovative HL Frame, super-smooth front suspension, and traction for all terrain.",ACME Corporation
"Mountain-100 Silver, 44",BK-M82S-44,"Top-of-the-line competition mountain bike. Performance-enhancing options include the innovative HL Frame, super-smooth front suspension, and traction for all terrain.",ACME Corporation
"HL Road Frame - Red, 58",FR-R92R-58,Our lightest and best quality aluminum frame made from the newest alloy; it is welded and heat-treated for strength. Our innovative design results in maximum comfort and performance.,ACME Corporation
"Men's Sports Shorts, M",SH-M897-M,Men's 8-panel racing shorts - lycra with an elastic waistband and leg grippers.,Fitness Association
ML Mountain Tire,TI-M602,"Great traction, high-density rubber.",Sport Fan Co.
"Mountain-200 Silver, 42",BK-M68S-42,Serious back-country riding. Perfect for all levels of competition. Uses the same HL Frame as the Mountain-100.,ACME Corporation
"Road-550-W Yellow, 42",BK-R64Y-42,"Same technology as all of our Road series bikes, but the frame is sized for a woman.  Perfect all-around bike for road or racing.",ACME Corporation
Lock Nut 11,LN-5162,,Bergeron Off-Roads
"Long-Sleeve Logo Jersey, M",LJ-0192-M,Unisex long-sleeve AWC logo microfiber cycling jersey,Integrated Sport Products
Thin-Jam Lock Nut 2,LJ-1428,,Australia Bike Retailer
Chainring,CR-7833,,Training Systems
Thin-Jam Hex Nut 14,HJ-5818,,Advanced Bicycles
Thin-Jam Lock Nut 16,LJ-3416,,Leaf River Terrain
Lock Nut 10,LN-5161,,Mountain Works
Lock Nut 4,LN-8320,,Bergeron Off-Roads
ML Road Tire,TI-R628,Higher density rubber.,Signature Cycles
HL Touring Handlebars,HB-T928,A light yet stiff aluminum bar for long distance riding.,ACME Corporation
"ML Road Frame - Red, 52",FR-R72R-52,"Made from the same aluminum alloy as our top-of-the line HL frame, the ML features a lightweight down-tube milled to the perfect diameter for optimal strength. Men's version.",ACME Corporation
"LL Touring Frame - Blue, 62",FR-T67U-62,Lightweight butted aluminum frame provides a more upright riding position for a trip around town.  Our ground-breaking design provides optimum comfort.,ACME Corporation
"Touring-1000 Blue, 50",BK-T79U-50,Travel in style and comfort. Designed for maximum comfort and safety. Wide gear range takes on all hills. High-tech aluminum alloy construction provides durability without added weight.,ACME Corporation
"Touring-1000 Yellow, 60",BK-T79Y-60,Travel in style and comfort. Designed for maximum comfort and safety. Wide gear range takes on all hills. High-tech aluminum alloy construction provides durability without added weight.,ACME Corporation
Lock Nut 7,LN-1224,,Bergeron Off-Roads
Lock Nut 3,LN-6320,,Bergeron Off-Roads
Steerer,SR-2098,,ACME Corporation
Hex Nut 6,HN-1032,,Norstan Bike Hut
Flat Washer 1,FW-1000,,Continental Pro Cycles
LL Road Rim,RM-R436,,Electronic Bike Repair & Supplies
"Racing Socks, M",SO-R809-M,"Thin, lightweight and durable with cuffs that stay up.",Jeff's Sporting Goods
Lock Nut 12,LN-3816,,Bergeron Off-Roads
External Lock Washer 5,LE-1400,,Pro Sport Industries
"Mountain-500 Silver, 42",BK-M18S-42,"Suitable for any type of riding, on or off-road. Fits any budget. Smooth-shifting with a comfortable ride.",ACME Corporation
"HL Road Frame - Red, 62",FR-R92R-62,Our lightest and best quality aluminum frame made from the newest alloy; it is welded and heat-treated for strength. Our innovative design results in maximum comfort and performance.,ACME Corporation
Road Tire Tube,TT-R982,Conventional all-purpose tube.,Victory Bikes
Road Bottle Cage,BC-R205,Aluminum cage is lighter than our mountain version; perfect for long distance trips.,Green Lake Bike Company
"HL Mountain Frame - Silver, 44",FR-M94S-44,Each frame is hand-crafted in our Bothell facility to the optimum diameter and wall-thickness required of a premium mountain frame. The heat-treated welded aluminum frame has a larger diameter tube that absorbs the bumps.,ACME Corporation
Thin-Jam Lock Nut 13,LJ-5811,,Australia Bike Retailer
Thin-Jam Hex Nut 15,HJ-3410,,WestAmerica Bicycle Co.
Flat Washer 9,FW-3400,,"Reliance Fitness, Inc."
Chainring Bolts,CB-2903,,Bike Satellite Inc.
Thin-Jam Lock Nut 11,LJ-9161,,Ready Rentals
ML Road Rim,RM-R600,,Electronic Bike Repair & Supplies
Lock Nut 4,LN-8320,,Mountain Works
"LL Mountain Frame - Silver, 48",FR-M21S-48,"Our best value utilizing the same, ground-breaking frame technology as the ML aluminum frame.",ACME Corporation
"Road-650 Red, 60",BK-R50R-60,"Value-priced bike with many features of our top-of-the-line models. Has the same light, stiff frame, and the quick acceleration we're famous for.",ACME Corporation
"Road-650 Black, 62",BK-R50B-62,"Value-priced bike with many features of our top-of-the-line models. Has the same light, stiff frame, and the quick acceleration we're famous for.",ACME Corporation
"HL Touring Frame - Blue, 54",FR-T98U-54,The HL aluminum frame is custom-shaped for both good looks and strength; it will withstand the most rigorous challenges of daily riding. Men's version.,ACME Corporation
Metal Plate 3,MP-4960,,"Custom Frames, Inc."
Touring Rim,RM-T801,,"Premier Sport, Inc."
Thin-Jam Lock Nut 12,LJ-9080,,Australia Bike Retailer
Thin-Jam Lock Nut 8,LJ-7162,,Australia Bike Retailer
Internal Lock Washer 5,LI-1400,,Aurora Bike Center
Hex Nut 9,HN-1428,,Cruger Bike Company
Hex Nut 9,HN-1428,,Norstan Bike Hut
External Lock Washer 6,LE-5160,,Expert Bike Co
Hex Nut 20,HN-5811,,Cruger Bike Company
Thin-Jam Lock Nut 1,LJ-1420,,Leaf River Terrain
Paint - Blue,PA-632U,,Trey Research
"Classic Vest, L",VE-C304-L,"Light-weight, wind-resistant, packs to fit into a pocket.",Team Athletic Co.
Touring Tire Tube,TT-T092,General purpose tube.,Victory Bikes
Touring Tire,TI-T723,High-density rubber.,Professional Athletic Consultants
ML Road Pedal,PD-R563,Lightweight aluminum alloy construction.,Jackson Authority
"Road-150 Red, 62",BK-R93R-62,"This bike is ridden by race winners. Developed with the Adventure Works Cycles professional race team, it has a extremely light heat-treated aluminum frame, and steering that allows precision control.",ACME Corporation
Lock Washer 13,LW-3400,,Inner City Bikes
Lock Nut 16,LN-1213,,Mountain Works
External Lock Washer 3,LE-1000,,Expert Bike Co
Hex Nut 17,HN-1220,,Norstan Bike Hut
Flat Washer 9,FW-3400,,Speed Corporation
Flat Washer 2,FW-1400,,"Reliance Fitness, Inc."
Seat Lug,SL-0931,,Metro Sport Equipment
ML Mountain Seat Assembly,SA-M237,,ACME Corporation
"Road-250 Black, 58",BK-R89B-58,"Alluminum-alloy frame provides a light, stiff ride, whether you are racing in the velodrome or on a demanding club ride on country roads.",ACME Corporation
"Road-350-W Yellow, 48",BK-R79Y-48,"Cross-train, race, or just socialize on a sleek, aerodynamic bike designed for a woman.  Advanced seat technology provides comfort all day.",ACME Corporation
LL Road Seat/Saddle,SE-R581,Lightweight foam-padded saddle.,Chicago City Saddles
HL Road Seat/Saddle,SE-R995,Lightweight kevlar racing saddle. Leather.,First Rate Bicycles
"HL Road Frame - Red, 48",FR-R92R-48,Our lightest and best quality aluminum frame made from the newest alloy; it is welded and heat-treated for strength. Our innovative design results in maximum comfort and performance.,ACME Corporation
Handlebar Tube,HT-2981,,ACME Corporation
Front Derailleur Cage,FC-3982,,"Compete, Inc."
Thin-Jam Hex Nut 2,HJ-1428,,WestAmerica Bicycle Co.
Flat Washer 7,FW-9160,,Continental Pro Cycles
Keyed Washer,KW-4091,,Wide World Importers
External Lock Washer 3,LE-1000,,Pro Sport Industries
Lock Nut 8,LN-1420,,Mountain Works
Lock Nut 9,LN-1428,,Mountain Works
Rear Derailleur,RD-2308,Wide-link design.,ACME Corporation
Lock Nut 21,LN-5818,,Mountain Works
"LL Road Frame - Red, 52",FR-R38R-52,"The LL Frame provides a safe comfortable ride, while offering superior bump absorption in a value-priced aluminum frame.",ACME Corporation
ML Road Seat/Saddle,SE-R908,Rubber bumpers absorb bumps.,Hill's Bicycle Service
"ML Mountain Frame - Black, 44",FR-M63B-44,The ML frame is a heat-treated aluminum frame made with the same detail and quality as our HL frame. It offers superior performance. Women's version.,ACME Corporation
"LL Mountain Frame - Black, 44",FR-M21B-44,"Our best value utilizing the same, ground-breaking frame technology as the ML aluminum frame.",ACME Corporation
"Mountain-500 Black, 44",BK-M18B-44,"Suitable for any type of riding, on or off-road. Fits any budget. Smooth-shifting with a comfortable ride.",ACME Corporation
HL Mountain Front Wheel,FW-M@28,High-performance mountain replacement wheel.,ACME Corporation
"LL Touring Frame - Yellow, 50",FR-T67Y-50,Lightweight butted aluminum frame provides a more upright riding position for a trip around town.  Our ground-breaking design provides optimum comfort.,ACME Corporation
Paint - Yellow,PA-823Y,,Trey Research
Thin-Jam Lock Nut 1,LJ-1420,,Ready Rentals
External Lock Washer 1,LE-6000,,Pro Sport Industries
Chainring Nut,CN-6137,,Beaumont Bikes
Hex Nut 7,HN-1224,,Mountain Works
Hex Nut 17,HN-1220,,Cruger Bike Company
Decal 2,DC-9824,,SUPERSALES INC.
Internal Lock Washer 5,LI-1400,,Pro Sport Industries
Hex Nut 23,HN-3416,,Cruger Bike Company
Lock Washer 11,LW-9160,,Inner City Bikes
Metal Bar 2,MB-6061,,"Custom Frames, Inc."
LL Headset,HS-0296,Threadless headset provides quality at an economical price.,ACME Corporation
LL Bottom Bracket,BB-7421,Chromoly steel.,ACME Corporation
"Road-450 Red, 60",BK-R68R-60,"A true multi-sport bike that offers streamlined riding and a revolutionary design. Aerodynamic design lets you ride with the pros, and the gearing will conquer hilly roads.",ACME Corporation
"Road-450 Red, 48",BK-R68R-48,"A true multi-sport bike that offers streamlined riding and a revolutionary design. Aerodynamic design lets you ride with the pros, and the gearing will conquer hilly roads.",ACME Corporation
"Touring-2000 Blue, 60",BK-T44U-60,"The plush custom saddle keeps you riding all day,  and there's plenty of space to add panniers and bike bags to the newly-redesigned carrier.  This bike has stability when fully-loaded.",ACME Corporation
"ML Road Frame-W - Yellow, 42",FR-R72Y-42,"Made from the same aluminum alloy as our top-of-the line HL frame, the ML features a lightweight down-tube milled to the perfect diameter for optimal strength. Women's version.",ACME Corporation
"Mountain-100 Black, 42",BK-M82B-42,"Top-of-the-line competition mountain bike. Performance-enhancing options include the innovative HL Frame, super-smooth front suspension, and traction for all terrain.",ACME Corporation
LL Mountain Tire,TI-M267,"Comparible traction, less expensive wire bead casing.",Vista Road Bikes
LL Spindle/Axle,SD-2342,,Lakewood Bicycle
Thin-Jam Lock Nut 7,LJ-7161,,Ready Rentals
Lock Nut 23,LN-3416,,Mountain Works
LL Mountain Pedal,PD-M282,Expanded platform so you can ride in any shoes; great for all-around riding.,Crowley Sport
LL Road Pedal,PD-R347,Clipless pedals - aluminum.,Mitchell Sports
Fender Set - Mountain,FE-6654,Clip-on fenders fit most mountain bikes.,Green Lake Bike Company
"HL Touring Frame - Blue, 50",FR-T98U-50,The HL aluminum frame is custom-shaped for both good looks and strength; it will withstand the most rigorous challenges of daily riding. Men's version.,ACME Corporation
"HL Road Frame - Black, 48",FR-R92B-48,Our lightest and best quality aluminum frame made from the newest alloy; it is welded and heat-treated for strength. Our innovative design results in maximum comfort and performance.,ACME Corporation
HL Mountain Handlebars,HB-M918,Flat bar strong enough for the pro circuit.,ACME Corporation
HL Touring Seat/Saddle,SE-T#24,Cut-out shell for a more comfortable ride.,Chicago City Saddles
"Road-150 Red, 52",BK-R93R-52,"This bike is ridden by race winners. Developed with the Adventure Works Cycles professional race team, it has a extremely light heat-treated aluminum frame, and steering that allows precision control.",ACME Corporation
Lock Nut 22,LN-3410,,Bergeron Off-Roads
External Lock Washer 9,LE-1201,,Aurora Bike Center
Hex Nut 5,HN-1024,,Mountain Works
Hex Nut 7,HN-1224,,Cruger Bike Company
Flat Washer 4,FW-3800,,Continental Pro Cycles
Flat Washer 1,FW-1000,,Speed Corporation
Head Tube,HT-8019,,ACME Corporation
Hex Nut 12,HN-3816,,Cruger Bike Company
Lock Nut 23,LN-3416,,Bergeron Off-Roads
Top Tube,TO-2301,,ACME Corporation
LL Touring Seat/Saddle,SE-T312,"Comfortable, ergonomically shaped gel saddle.",Chicago City Saddles
HL Road Seat/Saddle,SE-R995,Lightweight kevlar racing saddle. Leather.,Chicago City Saddles
"LL Touring Frame - Blue, 54",FR-T67U-54,Lightweight butted aluminum frame provides a more upright riding position for a trip around town.  Our ground-breaking design provides optimum comfort.,ACME Corporation
"ML Mountain Frame - Black, 40",FR-M63B-40,The ML frame is a heat-treated aluminum frame made with the same detail and quality as our HL frame. It offers superior performance. Women's version.,ACME Corporation
"Road-550-W Yellow, 48",BK-R64Y-48,"Same technology as all of our Road series bikes, but the frame is sized for a woman.  Perfect all-around bike for road or racing.",ACME Corporation
"Women's Tights, M",TG-W091-M,Warm spandex tights for winter riding; seamless chamois construction eliminates pressure points.,Fitness Association
Lock Nut 2,LN-5400,,Mountain Works
Thin-Jam Lock Nut 13,LJ-5811,,Leaf River Terrain
External Lock Washer 7,LE-3800,,Expert Bike Co
HL Hub,HU-8998,,ACME Corporation
Flat Washer 3,FW-5160,,"Reliance Fitness, Inc."
Hex Nut 7,HN-1224,,Norstan Bike Hut
Hex Nut 3,HN-6320,,Cruger Bike Company
LL Road Rim,RM-R436,,International Bicycles
"Mountain-200 Black, 38",BK-M68B-38,Serious back-country riding. Perfect for all levels of competition. Uses the same HL Frame as the Mountain-100.,ACME Corporation
"HL Mountain Frame - Black, 42",FR-M94B-42,Each frame is hand-crafted in our Bothell facility to the optimum diameter and wall-thickness required of a premium mountain frame. The heat-treated welded aluminum frame has a larger diameter tube that absorbs the bumps.,ACME Corporation
"LL Mountain Frame - Silver, 40",FR-M21S-40,"Our best value utilizing the same, ground-breaking frame technology as the ML aluminum frame.",ACME Corporation
ML Mountain Seat/Saddle,SE-M798,Designed to absorb shock.,First Rate Bicycles
Touring Front Wheel,FW-T905,Aerodynamic rims for smooth riding.,ACME Corporation
"LL Road Frame - Black, 62",FR-R38B-62,"The LL Frame provides a safe comfortable ride, while offering superior bump absorption in a value-priced aluminum frame.",ACME Corporation
"HL Road Frame - Red, 52",FR-R92R-52,Our lightest and best quality aluminum frame made from the newest alloy; it is welded and heat-treated for strength. Our innovative design results in maximum comfort and performance.,ACME Corporation
"Mountain-500 Black, 40",BK-M18B-40,"Suitable for any type of riding, on or off-road. Fits any budget. Smooth-shifting with a comfortable ride.",ACME Corporation
"Road-250 Black, 44",BK-R89B-44,"Alluminum-alloy frame provides a light, stiff ride, whether you are racing in the velodrome or on a demanding club ride on country roads.",ACME Corporation
HL Touring Seat Assembly,SA-T872,,ACME Corporation
Rear Derailleur Cage,RC-0291,,"Compete, Inc."
Flat Washer 8,FW-5800,,Speed Corporation
Freewheel,FH-2981,,Sport Playground
Pinch Bolt,PB-6109,,Burnett Road Warriors
"Road-550-W Yellow, 40",BK-R64Y-40,"Same technology as all of our Road series bikes, but the frame is sized for a woman.  Perfect all-around bike for road or racing.",ACME Corporation
"ML Mountain Frame-W - Silver, 42",FR-M63S-42,The ML frame is a heat-treated aluminum frame made with the same detail and quality as our HL frame. It offers superior performance. Men's version.,ACME Corporation
"Road-150 Red, 48",BK-R93R-48,"This bike is ridden by race winners. Developed with the Adventure Works Cycles professional race team, it has a extremely light heat-treated aluminum frame, and steering that allows precision control.",ACME Corporation
"HL Touring Frame - Blue, 46",FR-T98U-46,The HL aluminum frame is custom-shaped for both good looks and strength; it will withstand the most rigorous challenges of daily riding. Men's version.,ACME Corporation
Minipump,PU-0452,Designed for convenience. Fits in your pocket. Aluminum barrel. 160psi rated.,International Trek Center
"Men's Sports Shorts, XL",SH-M897-X,Men's 8-panel racing shorts - lycra with an elastic waistband and leg grippers.,Fitness Association
Touring Tire,TI-T723,High-density rubber.,Victory Bikes
External Lock Washer 5,LE-1400,,Aurora Bike Center
Flat Washer 1,FW-1000,,"Reliance Fitness, Inc."
Thin-Jam Hex Nut 6,HJ-3824,,Advanced Bicycles
Internal Lock Washer 7,LI-3800,,Aurora Bike Center
Thin-Jam Lock Nut 15,LJ-3410,,Australia Bike Retailer
LL Mountain Seat Assembly,SA-M198,,ACME Corporation
ML Road Tire,TI-R628,Higher density rubber.,Professional Athletic Consultants
LL Road Front Wheel,FW-R623,Replacement road front wheel for entry-level cyclist.,ACME Corporation
ML Road Rear Wheel,RW-R762,Aluminum alloy rim with stainless steel spokes; built for speed.,ACME Corporation
"ML Road Frame - Red, 60",FR-R72R-60,"Made from the same aluminum alloy as our top-of-the line HL frame, the ML features a lightweight down-tube milled to the perfect diameter for optimal strength. Men's version.",ACME Corporation
HL Mountain Seat/Saddle,SE-M940,Anatomic design for a full-day of riding in comfort. Durable leather.,Hybrid Bicycle Center
ML Bottom Bracket,BB-8107,Aluminum alloy cups; large diameter spindle.,ACME Corporation
Lock Nut 5,LN-1024,,Bergeron Off-Roads
External Lock Washer 5,LE-1400,,Expert Bike Co
Internal Lock Washer 6,LI-5160,,Pro Sport Industries
Hex Nut 11,HN-5162,,Norstan Bike Hut
BB Ball Bearing,BE-2349,,ACME Corporation
Metal Sheet 4,MS-2259,,"Custom Frames, Inc."
Thin-Jam Hex Nut 4,HJ-5162,,Advanced Bicycles
Road End Caps,EC-R098,,ACME Corporation
Thin-Jam Hex Nut 5,HJ-3816,,WestAmerica Bicycle Co.
Lock Washer 7,LW-5160,,Inner City Bikes
Lock Nut 5,LN-1024,,Mountain Works
"Road-650 Red, 44",BK-R50R-44,"Value-priced bike with many features of our top-of-the-line models. Has the same light, stiff frame, and the quick acceleration we're famous for.",ACME Corporation
"Touring-2000 Blue, 50",BK-T44U-50,"The plush custom saddle keeps you riding all day,  and there's plenty of space to add panniers and bike bags to the newly-redesigned carrier.  This bike has stability when fully-loaded.",ACME Corporation
"Women's Mountain Shorts, M",SH-W890-M,"Heavy duty, abrasion-resistant shorts feature seamless, lycra inner shorts with anti-bacterial chamois for comfort.",Team Athletic Co.
"Men's Bib-Shorts, S",SB-M891-S,"Designed for the AWC team with stay-put straps, moisture-control, chamois padding, and leg grippers.",Fitness Association
"LL Mountain Frame - Black, 52",FR-M21B-52,"Our best value utilizing the same, ground-breaking frame technology as the ML aluminum frame.",ACME Corporation
Internal Lock Washer 4,LI-1200,,Aurora Bike Center
Lock Nut 19,LN-9080,,Mountain Works
"Sport-100 Helmet, Black",HL-U509,"Universal fit, well-vented, lightweight , snap-on visor.",G & K Bicycle Corp.
HL Mountain Seat Assembly,SA-M687,,ACME Corporation
Lock Nut 1,LN-4400,,Mountain Works
Paint - Red,PA-361R,,Carlson Specialties
Thin-Jam Lock Nut 13,LJ-5811,,Ready Rentals
Lock Nut 20,LN-5811,,Bergeron Off-Roads
Internal Lock Washer 1,LI-6000,,Pro Sport Industries
"LL Mountain Frame - Silver, 42",FR-M21S-42,"Our best value utilizing the same, ground-breaking frame technology as the ML aluminum frame.",ACME Corporation
"Road-550-W Yellow, 38",BK-R64Y-38,"Same technology as all of our Road series bikes, but the frame is sized for a woman.  Perfect all-around bike for road or racing.",ACME Corporation
"LL Road Frame - Black, 48",FR-R38B-48,"The LL Frame provides a safe comfortable ride, while offering superior bump absorption in a value-priced aluminum frame.",ACME Corporation
"HL Touring Frame - Yellow, 46",FR-T98Y-46,The HL aluminum frame is custom-shaped for both good looks and strength; it will withstand the most rigorous challenges of daily riding. Men's version.,ACME Corporation
Hex Nut 10,HN-5161,,Cruger Bike Company
Hex Nut 8,HN-1420,,Mountain Works
ML Crankarm,CA-6738,,"Vision Cycles, Inc."
ML Grip Tape,GT-1209,,Gardner Touring Cycles
Chainring Nut,CN-6137,,Bike Satellite Inc.
"HL Touring Frame - Yellow, 54",FR-T98Y-54,The HL aluminum frame is custom-shaped for both good looks and strength; it will withstand the most rigorous challenges of daily riding. Men's version.,ACME Corporation
"Full-Finger Gloves, S",GL-F110-S,"Synthetic palm, flexible knuckles, breathable mesh upper. Worn by the AWC team riders.",Team Athletic Co.
"HL Mountain Frame - Black, 38",FR-M94B-38,Each frame is hand-crafted in our Bothell facility to the optimum diameter and wall-thickness required of a premium mountain frame. The heat-treated welded aluminum frame has a larger diameter tube that absorbs the bumps.,ACME Corporation
Metal Sheet 1,MS-6061,,"Custom Frames, Inc."
HL Spindle/Axle,SD-9872,,Hill Bicycle Center
Thin-Jam Lock Nut 3,LJ-5161,,Australia Bike Retailer
Lock Nut 6,LN-1032,,Bergeron Off-Roads
Lock Nut 16,LN-1213,,Bergeron Off-Roads
Internal Lock Washer 4,LI-1200,,Pro Sport Industries
Hex Nut 22,HN-3410,,Cruger Bike Company
"HL Mountain Frame - Silver, 48",FR-M94S-52,Each frame is hand-crafted in our Bothell facility to the optimum diameter and wall-thickness required of a premium mountain frame. The heat-treated welded aluminum frame has a larger diameter tube that absorbs the bumps.,ACME Corporation
ML Fork,FK-5136,Composite road fork with an aluminum steerer tube.,ACME Corporation
"Road-550-W Yellow, 44",BK-R64Y-44,"Same technology as all of our Road series bikes, but the frame is sized for a woman.  Perfect all-around bike for road or racing.",ACME Corporation
"Men's Bib-Shorts, M",SB-M891-M,"Designed for the AWC team with stay-put straps, moisture-control, chamois padding, and leg grippers.",Fitness Association
"HL Touring Frame - Blue, 60",FR-T98U-60,The HL aluminum frame is custom-shaped for both good looks and strength; it will withstand the most rigorous challenges of daily riding. Men's version.,ACME Corporation
LL Touring Seat/Saddle,SE-T312,"Comfortable, ergonomically shaped gel saddle.",Expert Bike Co
Hex Nut 16,HN-1213,,Mountain Works
Guide Pulley,GP-0982,,"Compete Enterprises, Inc"
Chainring Nut,CN-6137,,Training Systems
HL Headset,HS-3479,"High-quality 1 threadless headset with a grease port for quick lubrication.""",ACME Corporation
"Classic Vest, S",VE-C304-S,"Light-weight, wind-resistant, packs to fit into a pocket.",Team Athletic Co.
ML Crankset,CS-6583,High-strength crank arm.,ACME Corporation
Thin-Jam Lock Nut 10,LJ-1220,,Ready Rentals
Lock Nut 18,LN-9161,,Mountain Works
LL Nipple,NI-4127,,Lindell
Thin-Jam Lock Nut 9,LJ-1213,,Leaf River Terrain
Thin-Jam Lock Nut 2,LJ-1428,,Leaf River Terrain
"Road-750 Black, 48",BK-R19B-48,Entry level adult bike; offers a comfortable ride cross-country or down the block. Quick-release hubs and rims.,ACME Corporation
"Mountain-500 Silver, 48",BK-M18S-48,"Suitable for any type of riding, on or off-road. Fits any budget. Smooth-shifting with a comfortable ride.",ACME Corporation
"Mountain-100 Silver, 42",BK-M82S-42,"Top-of-the-line competition mountain bike. Performance-enhancing options include the innovative HL Frame, super-smooth front suspension, and traction for all terrain.",ACME Corporation
Water Bottle - 30 oz.,WB-H098,AWC logo water bottle - holds 30 oz; leak-proof.,Green Lake Bike Company
ML Mountain Pedal,PD-M340,"Lightweight, durable, clipless pedal with adjustable tension.",Crowley Sport
Thin-Jam Hex Nut 15,HJ-3410,,Advanced Bicycles
Thin-Jam Hex Nut 11,HJ-9161,,WestAmerica Bicycle Co.
"Touring-3000 Blue, 54",BK-T18U-54,"All-occasion value bike with our basic comfort and safety features. Offers wider, more stable tires for a ride around town or weekend trip.",ACME Corporation
"LL Mountain Frame - Silver, 52",FR-M21S-52,"Our best value utilizing the same, ground-breaking frame technology as the ML aluminum frame.",ACME Corporation
Thin-Jam Lock Nut 3,LJ-5161,,Leaf River Terrain
LL Nipple,NI-4@27,,Northern Bike Travel
Paint - Red,PA-361R,,Trey Research
Metal Angle,MA-7075,,"Custom Frames, Inc."
AWC Logo Cap,CA-1098,Traditional style with a flip-up brim; one-size fits all.,Integrated Sport Products
Thin-Jam Lock Nut 15,LJ-3410,,Leaf River Terrain
"Touring-1000 Blue, 54",BK-T79U-54,Travel in style and comfort. Designed for maximum comfort and safety. Wide gear range takes on all hills. High-tech aluminum alloy construction provides durability without added weight.,ACME Corporation
ML Mountain Pedal,PD-M340,"Lightweight, durable, clipless pedal with adjustable tension.",Greenwood Athletic Company
"Half-Finger Gloves, L",GL-H102-L,"Full padding, improved finger flex, durable palm, adjustable closure.",Team Athletic Co.
Front Derailleur Linkage,FL-2301,,"Compete, Inc."
Flat Washer 5,FW-7160,,Speed Corporation
Chain Stays,CS-2812,,ACME Corporation
Flat Washer 6,FW-1200,,"Reliance Fitness, Inc."
Chainring Bolts,CB-2903,,Beaumont Bikes
HL Mountain Seat/Saddle,SE-M940,Anatomic design for a full-day of riding in comfort. Durable leather.,Chicago City Saddles
"ML Mountain Frame-W - Silver, 46",FR-M63S-46,The ML frame is a heat-treated aluminum frame made with the same detail and quality as our HL frame. It offers superior performance. Men's version.,ACME Corporation
LL Mountain Front Wheel,FW-M423,Replacement mountain wheel for entry-level rider.,ACME Corporation
"Racing Socks, L",SO-R809-L,"Thin, lightweight and durable with cuffs that stay up.",Jeff's Sporting Goods
"Long-Sleeve Logo Jersey, L",LJ-0192-L,Unisex long-sleeve AWC logo microfiber cycling jersey,Integrated Sport Products
Tension Pulley,TP-0923,,"Compete Enterprises, Inc"
HL Road Rim,RM-R800,,Electronic Bike Repair & Supplies
Lock Washer 5,LW-1200,,Inner City Bikes
Thin-Jam Lock Nut 4,LJ-5162,,Leaf River Terrain
Thin-Jam Lock Nut 14,LJ-5818,,Australia Bike Retailer
External Lock Washer 9,LE-1201,,Pro Sport Industries
LL Crankset,CS-4759,Super rigid spindle.,ACME Corporation
"Touring-3000 Yellow, 62",BK-T18Y-62,"All-occasion value bike with our basic comfort and safety features. Offers wider, more stable tires for a ride around town or weekend trip.",ACME Corporation
"Road-650 Black, 48",BK-R$0B-48,"Value-priced bike with many features of our top-of-the-line models. Has the same light, stiff frame, and the quick acceleration we're famous for.",ACME Corporation
Hex Nut 6,HN-1032,,Cruger Bike Company
Hex Nut 1,HN-4402,,Norstan Bike Hut
Hex Nut 8,HN-1@20,,Cruger Bike Company
LL Grip Tape,GT-0820,,Gardner Touring Cycles
"Road-150 Red, 56",BK-R%3R-56,"This bike is ridden by race winners. Developed with the Adventure Works Cycles professional race team, it has a extremely light heat-treated aluminum frame, and steering that allows precision control.",ACME Corporation
LL Mountain Pedal,PD-M282,Expanded platform so you can ride in any shoes; great for all-around riding.,Greenwood Athletic Company
External Lock Washer 4,LE-1200,,Pro Sport Industries
Thin-Jam Lock Nut 8,LJ-7@62,,Ready Rentals
Mountain Bottle Cage,BC-M005,Tough aluminum cage holds bottle securly on tough terrain.,Green Lake Bike Company
Thin-Jam Lock Nut 1,LJ-1420,,Australia Bike Retailer
Thin-Jam Lock Nut 2,LJ-1428,,Ready Rentals
Hex Nut 14,HN-7161,,Norstan Bike Hut
Internal Lock Washer 7,LI-3800,,Pro Sport Industries
"ML Mountain Frame - Black, 38",FR-M63B-38,The ML frame is a heat-treated aluminum frame made with the same detail and quality as our HL frame. It offers superior performance. Men's version.,ACME Corporation
Front Derailleur Linkage,FL-2301,,Circuit Cycles
Hex Nut 5,HN-1024,,Cruger Bike Company
"Touring-2000 Blue, 46",BK-T44U-46,"The plush custom saddle keeps you riding all day,  and there's plenty of space to add panniers and bike bags to the newly-redesigned carrier.  This bike has stability when fully-loaded.",ACME Corporation
"Touring-1000 Blue, 60",BK-T79U-60,Travel in style and comfort. Designed for maximum comfort and safety. Wide gear range takes on all hills. High-tech aluminum alloy construction provides durability without added weight.,ACME Corporation
"Short-Sleeve Classic Jersey, M",SJ-0194-M,"Short sleeve classic breathable jersey with superior moisture control, front zipper, and 3 back pockets.",Integrated Sport Products
Lock Nut 22,LN-3$10,,Mountain Works
Mountain Pump,PU-M044,Simple and light-weight. Emergency patches stored in handle.,International Trek Center
ML Touring Seat Assembly,SA-T612,,ACME Corporation
Lock Nut 15,LN-7162,,Bergeron Off-Roads
Lock Nut 13,LN-3824,,Bergeron Off-Roads
Cone-Shaped Race,RA-7490,,"Midwest Sport, Inc."
ML Road Rim,RM-R600,,International Bicycles
Thin-Jam Lock Nut 15,LJ-3410,,Ready Rentals
Thin-Jam Lock Nut 8,LJ-7162,,Leaf River Terrain
Internal Lock Washer 1,LI-6000,,Aurora Bike Center
Hex Nut 11,HN-5162,,Cruger Bike Company
"Half-Finger Gloves, M",GL-H102-M,"Full padding, improved finger flex, durable palm, adjustable closure.",Team Athletic Co.
HL Road Rear Wheel,RW-R820,Strong rear wheel with double-walled rim.,ACME Corporation
"Road-650 Black, 52",BK-R50B-52,"Value-priced bike with many features of our top-of-the-line models. Has the same light, stiff frame, and the quick acceleration we're famous for.",ACME Corporation
Hex Nut 9,HN-1428,,Mountain Works
HL Crankarm,CA-7457,,West Junction Cycles
"Mountain-200 Black, 46",BK-M68B-46,Serious back-country riding. Perfect for all levels of competition. Uses the same HL Frame as the Mountain-100.,ACME Corporation
"Mountain-300 Black, 40",BK-M47B-40,For true trail addicts.  An extremely durable bike that will go anywhere and keep you in control on challenging terrain - without breaking your budget.,ACME Corporation
HL Road Tire,TI-R982,Lightweight carbon reinforced  for an unrivaled ride at an un-compromised weight.,Victory Bikes
Adjustable Race,AR-5381,,"Litware, Inc."
Lock Nut 2,LN-5400,,Bergeron Off-Roads
Lock Nut 11,LN-5162,,Mountain Works
"Road-250 Red, 44",BK-R89R-44,"Alluminum-alloy frame provides a light, stiff ride, whether you are racing in the velodrome or on a demanding club ride on country roads.",ACME Corporation
HL Grip Tape,GT-2908,,Morgan Bike Accessories
HL Crankarm,CA-7457,,"Proseware, Inc."
Lock Washer 8,LW-3800,,Inner City Bikes
Paint - Silver,PA-529S,,Carlson Specialties
Headset Ball Bearings,BE-2908,,American Bicycles and Wheels
External Lock Washer 2,LE-8000,,Aurora Bike Center
Bearing Ball,BA-8327,,Wood Fitness
ML Mountain Rim,RM-M692,,Competition Bike Training Systems
HL Mountain Rim,RM-M823,,Jackson Authority
Paint - Black,PA-187B,,Trey Research
"Road-150 Red, 44",BK-R93R-44,"This bike is ridden by race winners. Developed with the Adventure Works Cycles professional race team, it has a extremely light heat-treated aluminum frame, and steering that allows precision control.",ACME Corporation
ML Mountain Front Wheel,FW-M762,Replacement mountain wheel for the casual to serious rider.,ACME Corporation
"HL Road Frame - Black, 58",FR-R92B-58,Our lightest and best quality aluminum frame made from the newest alloy; it is welded and heat-treated for strength. Our innovative design results in maximum comfort and performance.,ACME Corporation
Fork End,FE-3760,,ACME Corporation
Flat Washer 5,FW-7160,,Continental Pro Cycles
Thin-Jam Hex Nut 12,HJ-9080,,WestAmerica Bicycle Co.
Hex Nut 1,HN-4402,,Cruger Bike Company
Thin-Jam Hex Nut 13,HJ-5811,,Advanced Bicycles
Flat Washer 4,FW-3800,,"Reliance Fitness, Inc."
"LL Road Frame - Black, 52",FR-R38B-52,"The LL Frame provides a safe comfortable ride, while offering superior bump absorption in a value-priced aluminum frame.",ACME Corporation
"ML Road Frame - Red, 48",FR-R72R-48,"Made from the same aluminum alloy as our top-of-the line HL frame, the ML features a lightweight down-tube milled to the perfect diameter for optimal strength. Men's version.",ACME Corporation
LL Mountain Seat/Saddle,SE-M236,Synthetic leather. Features gel for increased comfort.,Chicago City Saddles
"Road-650 Red, 58",BK-R50R-58,"Value-priced bike with many features of our top-of-the-line models. Has the same light, stiff frame, and the quick acceleration we're famous for.",ACME Corporation
Lock Washer 1,LW-4000,,Inner City Bikes
External Lock Washer 1,LE-6000,,Expert Bike Co
Hex Nut 14,HN-7161,,Cruger Bike Company
Hex Nut 4,HN-8320,,Norstan Bike Hut
Hex Nut 18,HN-9161,,Norstan Bike Hut
External Lock Washer 8,LE-7160,,Aurora Bike Center
Lock Nut 13,LN-3824,,Mountain Works
Lock Nut 15,LN-7162,,Mountain Works
"ML Road Frame-W - Yellow, 38",FR-R72Y-38,"Made from the same aluminum alloy as our top-of-the line HL frame, the ML features a lightweight down-tube milled to the perfect diameter for optimal strength. Women's version.",ACME Corporation
LL Mountain Seat/Saddle,SE-M236,Synthetic leather. Features gel for increased comfort.,First Rate Bicycles
Down Tube,DT-2377,,ACME Corporation
Flat Washer 7,FW-9160,,Speed Corporation
Thin-Jam Hex Nut 8,HJ-7162,,WestAmerica Bicycle Co.
"LL Road Frame - Red, 60",FR-R38R-60,"The LL Frame provides a safe comfortable ride, while offering superior bump absorption in a value-priced aluminum frame.",ACME Corporation
Thin-Jam Lock Nut 16,LJ-3416,,Ready Rentals
Internal Lock Washer 8,LI-7160,,Aurora Bike Center
External Lock Washer 7,LE-3800,,Aurora Bike Center
Hex Nut 21,HN-5818,,Cruger Bike Company
"ML Road Frame - Red, 58",FR-R72R-58,"Made from the same aluminum alloy as our top-of-the line HL frame, the ML features a lightweight down-tube milled to the perfect diameter for optimal strength. Men's version.",ACME Corporation
"Women's Mountain Shorts, L",SH-W890-L,"Heavy duty, abrasion-resistant shorts feature seamless, lycra inner shorts with anti-bacterial chamois for comfort.",Team Athletic Co.
ML Road Seat/Saddle,SE-R908,Rubber bumpers absorb bumps.,Chicago City Saddles
"LL Mountain Frame - Black, 48",FR-M21B-48,"Our best value utilizing the same, ground-breaking frame technology as the ML aluminum frame.",ACME Corporation
"Touring-3000 Yellow, 44",BK-T18Y-44,"All-occasion value bike with our basic comfort and safety features. Offers wider, more stable tires for a ride around town or weekend trip.",ACME Corporation
"LL Touring Frame - Blue, 50",FR-T67U-50,Lightweight butted aluminum frame provides a more upright riding position for a trip around town.  Our ground-breaking design provides optimum comfort.,ACME Corporation
Lock Washer 6,LW-1400,,Inner City Bikes
Lock Washer 2,LW-6000,,Inner City Bikes
LL Crankarm,CA-5965,,"Vision Cycles, Inc."
"Women's Tights, S",TG-W091-S,Warm spandex tights for winter riding; seamless chamois construction eliminates pressure points.,Fitness Association
External Lock Washer 7,LE-3800,,Pro Sport Industries
ML Touring Seat/Saddle,SE-T762,New design relieves pressure for long rides.,Expert Bike Co
"ML Mountain Frame-W - Silver, 40",FR-M63S-40,The ML frame is a heat-treated aluminum frame made with the same detail and quality as our HL frame. It offers superior performance. Men's version.,ACME Corporation
"HL Mountain Frame - Black, 46",FR-M94B-46,Each frame is hand-crafted in our Bothell facility to the optimum diameter and wall-thickness required of a premium mountain frame. The heat-treated welded aluminum frame has a larger diameter tube that absorbs the bumps.,ACME Corporation
"Mountain-100 Black, 44",BK-M82B-44,"Top-of-the-line competition mountain bike. Performance-enhancing options include the innovative HL Frame, super-smooth front suspension, and traction for all terrain.",ACME Corporation
"Mountain-300 Black, 48",BK-M47B-48,For true trail addicts.  An extremely durable bike that will go anywhere and keep you in control on challenging terrain - without breaking your budget.,ACME Corporation
"HL Mountain Frame - Silver, 38",FR-M94S-38,Each frame is hand-crafted in our Bothell facility to the optimum diameter and wall-thickness required of a premium mountain frame. The heat-treated welded aluminum frame has a larger diameter tube that absorbs the bumps.,ACME Corporation
"Road-250 Red, 58",BK-R89R-58,"Alluminum-alloy frame provides a light, stiff ride, whether you are racing in the velodrome or on a demanding club ride on country roads.",ACME Corporation
"LL Road Frame - Red, 62",FR-R38R-62,"The LL Frame provides a safe comfortable ride, while offering superior bump absorption in a value-priced aluminum frame.",ACME Corporation
Thin-Jam Lock Nut 10,LJ-1220,,Leaf River Terrain
Internal Lock Washer 10,LI-5800,,Pro Sport Industries
Thin-Jam Lock Nut 4,LJ-5162,,Australia Bike Retailer
HL Road Rim,RM-R800,,American Bikes
Paint - Blue,PA-632U,,Carlson Specialties
Hex Nut 10,HN-5161,,Norstan Bike Hut
Touring End Caps,EC-T209,,ACME Corporation
Paint - Black,PA-187B,,Carlson Specialties
LL Mountain Rim,RM-M464,,Comfort Road Bicycles
"ML Road Frame - Red, 44",FR-R72R-44,"Made from the same aluminum alloy as our top-of-the line HL frame, the ML features a lightweight down-tube milled to the perfect diameter for optimal strength. Men's version.",ACME Corporation
"Mountain-200 Black, 42",BK-M68B-42,Serious back-country riding. Perfect for all levels of competition. Uses the same HL Frame as the Mountain-100.,ACME Corporation
"Mountain-500 Silver, 40",BK-M18S-40,"Suitable for any type of riding, on or off-road. Fits any budget. Smooth-shifting with a comfortable ride.",ACME Corporation
"Mountain-500 Black, 52",BK-M18B-52,"Suitable for any type of riding, on or off-road. Fits any budget. Smooth-shifting with a comfortable ride.",ACME Corporation
"Mountain-200 Silver, 46",BK-M68S-46,Serious back-country riding. Perfect for all levels of competition. Uses the same HL Frame as the Mountain-100.,ACME Corporation
"Road-650 Black, 60",BK-R50B-60,"Value-priced bike with many features of our top-of-the-line models. Has the same light, stiff frame, and the quick acceleration we're famous for.",ACME Corporation
"Touring-3000 Blue, 58",BK-T18U-58,"All-occasion value bike with our basic comfort and safety features. Offers wider, more stable tires for a ride around town or weekend trip.",ACME Corporation
"ML Mountain Frame-W - Silver, 38",FR-M63S-38,The ML frame is a heat-treated aluminum frame made with the same detail and quality as our HL frame. It offers superior performance. Men's version.,ACME Corporation
Headlights - Dual-Beam,LT-H902,Rechargeable dual-beam headlight.,International Trek Center
HL Mountain Tire,TI-M823,"Incredible traction, lightweight carbon reinforced.",Sport Fan Co.
LL Mountain Handlebars,HB-M243,All-purpose bar for on or off-road.,ACME Corporation
Metal Plate 2,MP-2066,,"Custom Frames, Inc."
Lock Washer 4,LW-1000,,Inner City Bikes
Flat Washer 8,FW-5800,,Continental Pro Cycles
Thin-Jam Hex Nut 16,HJ-3416,,Advanced Bicycles
Front Derailleur Cage,FC-3982,,Circuit Cycles
Lock Ring,LR-2398,,Bergeron Off-Roads
Metal Tread Plate,MT-1000,,"Custom Frames, Inc."
LL Shell,SH-4562,,Federal Sport
Hydration Pack - 70 oz.,HY-1023-70,"Versatile 70 oz hydration pack offers extra storage, easy-fill access, and a waist belt.",Green Lake Bike Company
"Men's Bib-Shorts, L",SB-M891-L,"Designed for the AWC team with stay-put straps, moisture-control, chamois padding, and leg grippers.",Fitness Association
HL Crankset,CS-9183,Triple crankset; alumunim crank arm; flawless shifting.,ACME Corporation
"Road-350-W Yellow, 40",BK-R79Y-40,"Cross-train, race, or just socialize on a sleek, aerodynamic bike designed for a woman.  Advanced seat technology provides comfort all day.",ACME Corporation
"Road-450 Red, 58",BK-R68R-58,"A true multi-sport bike that offers streamlined riding and a revolutionary design. Aerodynamic design lets you ride with the pros, and the gearing will conquer hilly roads.",ACME Corporation
HL Road Front Wheel,FW-R820,Strong wheel with double-walled rim.,ACME Corporation
"LL Road Frame - Black, 58",FR-R38B-58,"The LL Frame provides a safe comfortable ride, while offering superior bump absorption in a value-priced aluminum frame.",ACME Corporation
Mountain Tire Tube,TT-M928,Self-sealing tube.,"Trikes, Inc."
Thin-Jam Lock Nut 11,LJ-9161,,Leaf River Terrain
Internal Lock Washer 9,LI-1201,,Pro Sport Industries
Chainring Bolts,CB-2903,,Training Systems
Flat Washer 2,FW-1400,,Continental Pro Cycles
Thin-Jam Hex Nut 5,HJ-3816,,Advanced Bicycles
Thin-Jam Lock Nut 10,LJ-1220,,Australia Bike Retailer
LL Mountain Rear Wheel,RW-M423,Replacement mountain wheel for entry-level rider.,ACME Corporation
Cup-Shaped Race,RA-2345,,Bloomington Multisport
Lock Nut 21,LN-5818,,Bergeron Off-Roads
LL Road Pedal,PD-R347,Clipless pedals - aluminum.,Jackson Authority
"Short-Sleeve Classic Jersey, XL",SJ-0194-X,"Short sleeve classic breathable jersey with superior moisture control, front zipper, and 3 back pockets.",Integrated Sport Products
"Mountain-500 Black, 48",BK-M18B-48,"Suitable for any type of riding, on or off-road. Fits any budget. Smooth-shifting with a comfortable ride.",ACME Corporation
"Mountain-500 Silver, 44",BK-M18S-44,"Suitable for any type of riding, on or off-road. Fits any budget. Smooth-shifting with a comfortable ride.",ACME Corporation
"HL Road Frame - Red, 56",FR-R92R-56,Our lightest and best quality aluminum frame made from the newest alloy; it is welded and heat-treated for strength. Our innovative design results in maximum comfort and performance.,ACME Corporation
Seat Post,SP-2981,,Allenson Cycles
Lock Nut 12,LN-3816,,Mountain Works
Hex Nut 8,HN-1420,,Norstan Bike Hut
Thin-Jam Hex Nut 14,HJ-5818,,WestAmerica Bicycle Co.
Chainring,CR-7833,,Bike Satellite Inc.
Lock Nut 7,LN-1224,,Mountain Works
"Short-Sleeve Classic Jersey, L",SJ-0194-L,"Short sleeve classic breathable jersey with superior moisture control, front zipper, and 3 back pockets.",Integrated Sport Products
"Road-650 Black, 44",BK-R50B-44,"Value-priced bike with many features of our top-of-the-line models. Has the same light, stiff frame, and the quick acceleration we're famous for.",ACME Corporation
"Mountain Bike Socks, M",SO-B909-M,Combination of natural and synthetic fibers stays dry and provides just the right cushioning.,Jeff's Sporting Goods
Lock Washer 12,LW-5800,,Inner City Bikes
Blade,BL-2036,,ACME Corporation
Thin-Jam Hex Nut 1,HJ-1420,,Advanced Bicycles
ML Crankarm,CA-6738,,"Proseware, Inc."
HL Mountain Rear Wheel,RW-M928,High-performance mountain replacement wheel.,ACME Corporation
Thin-Jam Lock Nut 9,LJ-1213,,Ready Rentals
External Lock Washer 2,LE-8000,,Pro Sport Industries
Hex Nut 21,HN-5818,,Norstan Bike Hut
"Women's Mountain Shorts, S",SH-W890-S,"Heavy duty, abrasion-resistant shorts feature seamless, lycra inner shorts with anti-bacterial chamois for comfort.",Team Athletic Co.
ML Mountain Seat/Saddle,SE-M798,Designed to absorb shock.,Chicago City Saddles
"Road-650 Black, 58",BK-R50B-58,"Value-priced bike with many features of our top-of-the-line models. Has the same light, stiff frame, and the quick acceleration we're famous for.",ACME Corporation
"Mountain-400-W Silver, 38",BK-M38S-38,"This bike delivers a high-level of performance on a budget. It is responsive and maneuverable, and offers peace-of-mind when you decide to go off-road.",ACME Corporation
"Touring-3000 Yellow, 50",BK-T18Y-50,"All-occasion value bike with our basic comfort and safety features. Offers wider, more stable tires for a ride around town or weekend trip.",ACME Corporation
HL Fork,FK-9939,High-performance carbon road fork with curved legs.,ACME Corporation
"Road-250 Black, 48",BK-R89B-48,"Alluminum-alloy frame provides a light, stiff ride, whether you are racing in the velodrome or on a demanding club ride on country roads.",ACME Corporation
"Road-250 Black, 52",BK-R89B-52,"Alluminum-alloy frame provides a light, stiff ride, whether you are racing in the velodrome or on a demanding club ride on country roads.",ACME Corporation
ML Mountain Tire,TI-M602,"Great traction, high-density rubber.",Vista Road Bikes
ML Touring Seat/Saddle,SE-T762,New design relieves pressure for long rides.,Chicago City Saddles
Hitch Rack - 4-Bike,RA-H123,"Carries 4 bikes securely; steel construction, fits 2 receiver hitch.""",Green Lake Bike Company
"Men's Sports Shorts, S",SH-M897-S,Men's 8-panel racing shorts - lycra with an elastic waistband and leg grippers.,Integrated Sport Products
"Men's Sports Shorts, L",SH-M897-L,Men's 8-panel racing shorts - lycra with an elastic waistband and leg grippers.,Fitness Association
External Lock Washer 6,LE-5160,,Pro Sport Industries
External Lock Washer 1,LE-6000,,Aurora Bike Center
Thin-Jam Lock Nut 6,LJ-3824,,Leaf River Terrain
Thin-Jam Hex Nut 3,HJ-5161,,WestAmerica Bicycle Co.
Thin-Jam Lock Nut 11,LJ-9161,,Australia Bike Retailer
LL Road Rear Wheel,RW-R623,Replacement road rear wheel for entry-level cyclist.,ACME Corporation
Cable Lock,LO-C100,"Wraps to fit front and rear tires, carrier and 2 keys included.",International Trek Center
LL Road Seat Assembly,SA-R127,,ACME Corporation
HL Nipple,NI-9522,,Lindell
"HL Road Frame - Black, 62",FR-R92B-62,Our lightest and best quality aluminum frame made from the newest alloy; it is welded and heat-treated for strength. Our innovative design results in maximum comfort and performance.,ACME Corporation
"HL Touring Frame - Yellow, 60",FR-T98Y-60,The HL aluminum frame is custom-shaped for both good looks and strength; it will withstand the most rigorous challenges of daily riding. Men's version.,ACME Corporation
"Mountain-100 Silver, 48",BK-M82S-48,"Top-of-the-line competition mountain bike. Performance-enhancing options include the innovative HL Frame, super-smooth front suspension, and traction for all terrain.",ACME Corporation
Metal Bar 1,MB-2024,,"Custom Frames, Inc."
Lock Nut 19,LN-9080,,Bergeron Off-Roads
Thin-Jam Lock Nut 7,LJ-7161,,Leaf River Terrain
Thin-Jam Lock Nut 14,LJ-5818,,Leaf River Terrain
Thin-Jam Lock Nut 5,LJ-3816,,Australia Bike Retailer
HL Spindle/Axle,SD-9872,,Capital Road Cycles
Seat Tube,ST-9828,,ACME Corporation
"Road-450 Red, 44",BK-R68R-44,"A true multi-sport bike that offers streamlined riding and a revolutionary design. Aerodynamic design lets you ride with the pros, and the gearing will conquer hilly roads.",ACME Corporation
All-Purpose Bike Stand,ST-1401,Perfect all-purpose bike stand for working on your bike at home. Quick-adjusting clamps and steel construction.,Green Lake Bike Company
Thin-Jam Hex Nut 11,HJ-9161,,Advanced Bicycles
"HL Road Frame - Black, 52",FR-R92B-52,Our lightest and best quality aluminum frame made from the newest alloy; it is welded and heat-treated for strength. Our innovative design results in maximum comfort and performance.,ACME Corporation
"LL Road Frame - Black, 44",FR-R38B-44,"The LL Frame provides a safe comfortable ride, while offering superior bump absorption in a value-priced aluminum frame.",ACME Corporation
HL Road Tire,TI-R982,Lightweight carbon reinforced  for an unrivaled ride at an un-compromised weight.,Professional Athletic Consultants
"LL Mountain Frame - Black, 42",FR-M21B-42,"Our best value utilizing the same, ground-breaking frame technology as the ML aluminum frame.",ACME Corporation
"LL Mountain Frame - Silver, 44",FR-M21S-44,"Our best value utilizing the same, ground-breaking frame technology as the ML aluminum frame.",ACME Corporation
"Touring-2000 Blue, 54",BK-T44U-54,"The plush custom saddle keeps you riding all day,  and there's plenty of space to add panniers and bike bags to the newly-redesigned carrier.  This bike has stability when fully-loaded.",ACME Corporation
"Short-Sleeve Classic Jersey, S",SJ-0194-S,"Short sleeve classic breathable jersey with superior moisture control, front zipper, and 3 back pockets.",Integrated Sport Products
Thin-Jam Lock Nut 3,LJ-5161,,Ready Rentals
Lock Washer 10,LW-1201,,Inner City Bikes
"LL Touring Frame - Blue, 44",FR-T67U-44,Lightweight butted aluminum frame provides a more upright riding position for a trip around town.  Our ground-breaking design provides optimum comfort.,ACME Corporation
LL Fork,FK-1639,Stout design absorbs shock and offers more precise steering.,ACME Corporation
"Touring-3000 Yellow, 58",BK-T18Y-58,"All-occasion value bike with our basic comfort and safety features. Offers wider, more stable tires for a ride around town or weekend trip.",ACME Corporation
"Road-650 Red, 52",BK-R50R-52,"Value-priced bike with many features of our top-of-the-line models. Has the same light, stiff frame, and the quick acceleration we're famous for.",ACME Corporation
Hex Nut 5,HN-1024,,Norstan Bike Hut
Thin-Jam Hex Nut 3,HJ-5161,,Advanced Bicycles
Flat Washer 6,FW-1@00,,Speed Corporation
"ML Road Frame-W - Yellow, 40",FR-R72Y-40,"Made from the same aluminum alloy as our top-of-the line HL frame, the ML features a lightweight down-tube milled to the perfect diameter for optimal strength. Women's version.",ACME Corporation
"LL Road Frame - Red, 58",FR-R38R-58,"The LL Frame provides a safe comfortable ride, while offering superior bump absorption in a value-priced aluminum frame.",ACME Corporation
LL Road Tire,TI-R092,Same great treads as more expensive tire with a less expensive wire bead casing.,Professional Athletic Consultants
Thin-Jam Lock Nut 4,LJ-5162,,Ready Rentals
Internal Lock Washer 3,LI-1000,,Pro Sport Industries
Hex Nut 19,HN-9168,,Norstan Bike Hut
Internal Lock Washer 3,LI-1000,,Aurora Bike Center
Internal Lock Washer 10,LI-5800,,Aurora Bike Center
Thin-Jam Lock Nut 5,LJ-3816,,Leaf River Terrain
Thin-Jam Lock Nut 6,LJ-3#24,,Australia Bike Retailer
Lock Nut 14,LN-7161,,Bergeron Off-Roads
Metal Sheet 7,MS-1981,,"Custom Frames, Inc."
LL Road Tire,TI-R092,Same great treads as more expensive tire with a less expensive wire bead casing.,Signature Cycles
HL Road Pedal,PD-R853,Top-of-the-line clipless pedals with adjustable tension.,"Compete Enterprises, Inc"
LL Road Handlebars,HB-R504,Unique shape provides easier reach to the levers.,ACME Corporation
ML Mountain Handlebars,HB-M763,Tough aluminum alloy bars for downhill.,ACME Corporation
"Classic Vest, M",VE-C304-M,"Light-weight, wind-resistant, packs to fit into a pocket.",Team Athletic Co.
HL Crankarm,CA-7457,,"Vision Cycles, Inc."
Thin-Jam Hex Nut 7,HJ-7161,,WestAmerica Bicycle Co.
Hex Nut 13,HN-3824,,Cruger Bike Company
Thin-Jam Hex Nut 7,HJ-7161,,Advanced Bicycles
"Road-250 Red, 52",BK-R89R-52,"Alluminum-alloy frame provides a light, stiff ride, whether you are racing in the velodrome or on a demanding club ride on country roads.",ACME Corporation
"Mountain-400-W Silver, 42",BK-M38S-42,"This bike delivers a high-level of performance on a budget. It is responsive and maneuverable, and offers peace-of-mind when you decide to go off-road.",ACME Corporation
"Mountain-400-W Silver, 46",BK-M38S-46,"This bike delivers a high-level of performance on a budget. It is responsive and maneuverable, and offers peace-of-mind when you decide to go off-road.",ACME Corporation
"Mountain-500 Black, 42",BK-M18B-42,"Suitable for any type of riding, on or off-road. Fits any budget. Smooth-shifting with a comfortable ride.",ACME Corporation
Hex Nut 18,HN-9161,,Cruger Bike Company
Hex Nut 22,HN-3410,,Norstan Bike Hut
Lock Nut 14,LN-7161,,Mountain Works
ML Road Seat Assembly,SA-R430,,ACME Corporation
"Full-Finger Gloves, L",GL-F110-L,"Synthetic palm, flexible knuckles, breathable mesh upper. Worn by the AWC team riders.",Team Athletic Co.
"LL Touring Frame - Yellow, 62",FR-T67Y-62,Lightweight butted aluminum frame provides a more upright riding position for a trip around town.  Our ground-breaking design provides optimum comfort.,ACME Corporation
"HL Road Frame - Red, 44",FR-R92R-44,Our lightest and best quality aluminum frame made from the newest alloy; it is welded and heat-treated for strength. Our innovative design results in maximum comfort and performance.,ACME Corporation
Touring Pedal,PD-T852,A stable pedal for all-day riding.,Bicycle Specialists
LL Touring Handlebars,HB-T721,Unique shape reduces fatigue for entry level riders.,ACME Corporation
"Mountain-300 Black, 44",BK-M47B-44,For true trail addicts.  An extremely durable bike that will go anywhere and keep you in control on challenging terrain - without breaking your budget.,ACME Corporation
"Road-750 Black, 52",BK-R19B-52,Entry level adult bike; offers a comfortable ride cross-country or down the block. Quick-release hubs and rims.,ACME Corporation
Lock Washer 3,LW-8000,,Inner City Bikes
External Lock Washer 3,LE-1000,,Aurora Bike Center
LL Hub,HU-6280,,ACME Corporation
Thin-Jam Hex Nut 16,HJ-3416,,WestAmerica Bicycle Co.
Hex Nut 17,HN-1220,,Mountain Works
ML Grip Tape,GT-1209,,National Bike Association
Thin-Jam Hex Nut 10,HJ-1220,,WestAmerica Bicycle Co.
Thin-Jam Hex Nut 9,HJ-1213,,WestAmerica Bicycle Co.
Hex Nut 2,HN-5400,,Cruger Bike Company
Internal Lock Washer 8,LI-7160,,Pro Sport Industries
Metal Sheet 5,MS-2341,,"Custom Frames, Inc."
"Touring-3000 Blue, 44",BK-T18U-44,"All-occasion value bike with our basic comfort and safety features. Offers wider, more stable tires for a ride around town or weekend trip.",ACME Corporation
"Full-Finger Gloves, M",GL-F110-M,"Synthetic palm, flexible knuckles, breathable mesh upper. Worn by the AWC team riders.",Team Athletic Co.
Headlights - Weatherproof,LT-H903,Rugged weatherproof headlight.,International Trek Center
"Touring-3000 Yellow, 54",BK-T18Y-54,"All-occasion value bike with our basic comfort and safety features. Offers wider, more stable tires for a ride around town or weekend trip.",ACME Corporation
"Touring-1000 Yellow, 50",BK-T79Y-50,Travel in style and comfort. Designed for maximum comfort and safety. Wide gear range takes on all hills. High-tech aluminum alloy construction provides durability without added weight.,ACME Corporation
"Road-450 Red, 52",BK-R68R-52,"A true multi-sport bike that offers streamlined riding and a revolutionary design. Aerodynamic design lets you ride with the pros, and the gearing will conquer hilly roads.",ACME Corporation
Lock Nut 3,LN-6320,,Mountain Works
Rear Derailleur Cage,RC-0291,,Circuit Cycles
Thin-Jam Hex Nut 9,HJ-1213,,Advanced Bicycles
Decal 1,DC-8732,,SUPERSALES INC.
Flat Washer 9,FW-3400,,Continental Pro Cycles
Hex Nut 16,HN-1%13,,Cruger Bike Company
ML Mountain Rear Wheel,RW-M762,Replacement mountain wheel for the casual to serious rider.,ACME Corporation
External Lock Washer 8,LE-7160,,Pro Sport Industries
Internal Lock Washer 9,LI-1201,,Aurora Bike Center
"Road-350-W Yellow, 42",BK-R79Y-42,"Cross-train, race, or just socialize on a sleek, aerodynamic bike designed for a woman.  Advanced seat technology provides comfort all day.",ACME Corporation
HL Bottom Bracket,BB-9108,Aluminum alloy cups and a hollow axle.,ACME Corporation
"LL Touring Frame - Yellow, 54",FR-T67Y-54,Lightweight butted aluminum frame provides a more upright riding position for a trip around town.  Our ground-breaking design provides optimum comfort.,ACME Corporation
HL Road Handlebars,HB-R956,Designed for racers; high-end anatomically shaped bar from aluminum alloy.,ACME Corporation
"LL Road Frame - Black, 60",FR-R38B-60,"The LL Frame provides a safe comfortable ride, while offering superior bump absorption in a value-priced aluminum frame.",ACME Corporation
Thin-Jam Lock Nut 6,LJ-3824,,Ready Rentals
Touring Rim,RM-T801,,Anderson's Custom Bikes
Flat Washer 2,FW-1400,,Speed Corporation
Flat Washer 8,FW-5800,,"Reliance Fitness, Inc."
Hex Nut 16,HN-1213,,Norstan Bike Hut
Hex Nut 13,HN-3824,,Norstan Bike Hut
Flat Washer 4,FW-3800,,Speed Corporation
Thin-Jam Lock Nut 9,LJ-1213,,Australia Bike Retailer
Lock Nut 6,LN-1032,,Mountain Works
Hex Nut 23,HN-3416,,Norstan Bike Hut
Hex Nut 4,HN-8320,,Cruger Bike Company
LL Mountain Tire,TI-M267,"Comparible traction, less expensive wire bead casing.",Sport Fan Co.
Front Brakes,FB-9873,All-weather brake pads; provides superior stopping by applying more surface to the rim.,Superior Bicycles
"HL Mountain Frame - Black, 44",FR-M94B-44,Each frame is hand-crafted in our Bothell facility to the optimum diameter and wall-thickness required of a premium mountain frame. The heat-treated welded aluminum frame has a larger diameter tube that absorbs the bumps.,ACME Corporation
"HL Mountain Frame - Black, 48",FR-M94B-48,Each frame is hand-crafted in our Bothell facility to the optimum diameter and wall-thickness required of a premium mountain frame. The heat-treated welded aluminum frame has a larger diameter tube that absorbs the bumps.,ACME Corporation
"Mountain-500 Silver, 52",BK-M18S-52,"Suitable for any type of riding, on or off-road. Fits any budget. Smooth-shifting with a comfortable ride.",ACME Corporation
"Mountain-300 Black, 38",BK-M47B-38,For true trail addicts.  An extremely durable bike that will go anywhere and keep you in control on challenging terrain - without breaking your budget.,ACME Corporation
"LL Road Frame - Red, 48",FR-R38R-48,"The LL Frame provides a safe comfortable ride, while offering superior bump absorption in a value-priced aluminum frame.",ACME Corporation
"HL Touring Frame - Yellow, 50",FR-T98Y-50,The HL aluminum frame is custom-shaped for both good looks and strength; it will withstand the most rigorous challenges of daily riding. Men's version.,ACME Corporation
"Sport-100 Helmet, Blue",HL-U509-B,"Universal fit, well-vented, lightweight , snap-on visor.",G & K Bicycle Corp.
Bike Wash - Dissolver,CL-9009,"Washes off the toughest road grime; dissolves grease, environmentally safe. 1-liter bottle.",Green Lake Bike Company
Flat Washer 6,FW-1200,,Continental Pro Cycles
Flat Washer 5,FW-7160,,"Reliance Fitness, Inc."
Flat Washer 7,FW-9160,,"Reliance Fitness, Inc."
Thin-Jam Hex Nut 13,HJ-5811,,WestAmerica Bicycle Co.
Lock Nut 9,LN-1428,,Bergeron Off-Roads
Patch Kit/8 Patches,PK-7098,"Includes 8 different size patches, glue and sandpaper.",Green Lake Bike Company
Touring Rear Wheel,RW-T905,Excellent aerodynamic rims guarantee a smooth ride.,ACME Corporation
"LL Touring Frame - Blue, 58",FR-T67U-58,Lightweight butted aluminum frame provides a more upright riding position for a trip around town.  Our ground-breaking design provides optimum comfort.,ACME Corporation
"HL Road Frame - Black, 44",FR-R92B-44,Our lightest and best quality aluminum frame made from the newest alloy; it is welded and heat-treated for strength. Our innovative design results in maximum comfort and performance.,ACME Corporation
"Mountain-100 Black, 48",BK-M%2B-4%,"Top-of-the-line competition mountain bike. Performance-enhancing options include the innovative HL Frame, super-smooth front suspension, and traction for all terrain.",ACME Corporation
Chain,CH-0234,Superior shifting performance.,Varsity Sport Co.
LL Spindle/Axle,SD-2342,,Capital Road Cycles
ML Mountain Rim,RM-M692,,Comfort Road Bicycles
"Long-Sleeve Logo Jersey, XL",LJ-0192-X,Unisex long-sleeve AWC logo microfiber cycling jersey,Integrated Sport Products
Internal Lock Washer 2,LI-8000,,Pro Sport Industries
"ML Road Frame-W - Yellow, 48",FR-R72Y-48,"Made from the same aluminum alloy as our top-of-the line HL frame, the ML features a lightweight down-tube milled to the perfect diameter for optimal strength. Women's version.",ACME Corporation
"Mountain-200 Silver, 38",BK-M68S-38,Serious back-country riding. Perfect for all levels of competition. Uses the same HL Frame as the Mountain-100.,ACME Corporation
HL Mountain Pedal,PD-M562,Stainless steel; designed to shed mud easily.,Inline Accessories
Flat Washer 3,FW-5160,,Continental Pro Cycles
Thin-Jam Hex Nut 4,HJ-5162,,WestAmerica Bicycle Co.
Mountain End Caps,EC-M092,,ACME Corporation
"LL Mountain Frame - Black, 40",FR-M21B-40,"Our best value utilizing the same, ground-breaking frame technology as the ML aluminum frame.",ACME Corporation
"Long-Sleeve Logo Jersey, S",LJ-0192-S,Unisex long-sleeve AWC logo microfiber cycling jersey,Integrated Sport Products
Metal Plate 1,MP-2503,,"Custom Frames, Inc."
Lock Nut 8,LN-1420,,Bergeron Off-Roads
HL Road Seat Assembly,SA-R522,,ACME Corporation
Stem,SM-9087,,ACME Corporation
Internal Lock Washer 6,LI-5160,,Aurora Bike Center
"HL Mountain Frame - Silver, 46",FR-M94S-46,Each frame is hand-crafted in our Bothell facility to the optimum diameter and wall-thickness required of a premium mountain frame. The heat-treated welded aluminum frame has a larger diameter tube that absorbs the bumps.,ACME Corporation
"Touring-1000 Yellow, 46",BK-T79Y-46,Travel in style and comfort. Designed for maximum comfort and safety. Wide gear range takes on all hills. High-tech aluminum alloy construction provides durability without added weight.,ACME Corporation
HL Mountain Tire,TI-M823,"Incredible traction, lightweight carbon reinforced.","Trikes, Inc."
Thin-Jam Hex Nut 2,HJ-1#28,,Advanced Bicycles
Thin-Jam Hex Nut 1,HJ-1420,,WestAmerica Bicycle Co.
HL Touring Seat/Saddle,SE-T924,Cut-out shell for a more comfortable ride.,Expert Bike Co
ML Headset,HS-2451,Sealed cartridge keeps dirt out.,ACME Corporation
ML Road Handlebars,HB-R720,Anatomically shaped aluminum tube bar will suit all riders.,ACME Corporation
Taillights - Battery-Powered,LT-T990,Affordable light for safe night riding - uses 3 AAA batteries,International Trek Center
"ML Road Frame-W - Yellow, 44",FR-R72Y-44,"Made from the same aluminum alloy as our top-of-the line HL frame, the ML features a lightweight down-tube milled to the perfect diameter for optimal strength. Women's version.",ACME Corporation
"Road-250 Red, 48",BK-R89R-48,"Alluminum-alloy frame provides a light, stiff ride, whether you are racing in the velodrome or on a demanding club ride on country roads.",ACME Corporation
"Road-650 Red, 48",BK-R50R-48,"Value-priced bike with many features of our top-of-the-line models. Has the same light, stiff frame, and the quick acceleration we're famous for.",ACME Corporation
Spokes,SK-9283,,International Sport Assoc.
Lock Washer 9,LW-7160,,Inner City Bikes
Hex Nut 12,HN-3816,,Norstan Bike Hut
"Road-650 Red, 62",BK-R50R-62,"Value-priced bike with many features of our top-of-the-line models. Has the same light, stiff frame, and the quick acceleration we're famous for.",ACME Corporation
Front Derailleur,FD-2342,Wide-link design.,ACME Corporation
"Touring-3000 Blue, 50",BK-T18U-50,"All-occasion value bike with our basic comfort and safety features. Offers wider, more stable tires for a ride around town or weekend trip.",ACME Corporation
"Mountain Bike Socks, L",SO-B909-L,Combination of natural and synthetic fibers stays dry and provides just the right cushioning.,Jeff's Sporting Goods
Hex Nut 19,HN-9168,,Cruger Bike Company
Hex Nut 15,HN-7162,,Cruger Bike Company
Hex Nut 15,HN-7162,,Norstan Bike Hut
Internal Lock Washer 2,LI-8000,,Aurora Bike Center
Lock Nut 10,LN-5161,,Bergeron Off-Roads
Lower Head Race,LR-8520,,International
Thin-Jam Hex Nut 12,HJ-9080,,Advanced Bicycles
Thin-Jam Hex Nut 10,HJ-1220,,Advanced Bicycles
Metal Sheet 2,MS-0253,,"Custom Frames, Inc."
Paint - Yellow,PA-823Y,,Carlson Specialties
"Touring-3000 Blue, 62",BK-T18U-62,"All-occasion value bike with our basic comfort and safety features. Offers wider, more stable tires for a ride around town or weekend trip.",ACME Corporation
"Touring-1000 Blue, 46",BK-T79U-46,Travel in style and comfort. Designed for maximum comfort and safety. Wide gear range takes on all hills. High-tech aluminum alloy construction provides durability without added weight.,ACME Corporation
"Road-350-W Yellow, 44",BK-R79Y-44,"Cross-train, race, or just socialize on a sleek, aerodynamic bike designed for a woman.  Advanced seat technology provides comfort all day.",ACME Corporation
Thin-Jam Lock Nut 7,LJ-7161,,Australia Bike Retailer
Thin-Jam Lock Nut 5,LJ-3816,,Ready Rentals
Thin-Jam Lock Nut 14,LJ-5818,,Ready Rentals
"Sport-100 Helmet, Red",HL-U509-R,"Universal fit, well-vented, lightweight , snap-on visor.",G & K Bicycle Corp.
HL Shell,SH-9312,,First National Sport Co.
LL Crankarm,CA-5965,,"Proseware, Inc."
Paint - Silver,PA-529S,,Trey Research
LL Mountain Rim,RM-M464,,Competition Bike Training Systems
Reflector,RF-9198,,Chicago Rent-All
Lock Nut 1,LN-##00,,Bergeron Off-Roads
"LL Touring Frame - Yellow, 58",FR-T67Y-58,Lightweight butted aluminum frame provides a more upright riding position for a trip around town.  Our ground-breaking design provides optimum comfort.,ACME Corporation
Hex Nut 6,HN-1032,,Mountain Works
Fork Crown,FC-3654,,ACME Corporation
Chainring,CR-7833,,Beaumont Bikes
ML Road Front Wheel,FW-R762,Sturdy alloy features a quick-release hub.,ACME Corporation
"Road-750 Black, 44",BK-R19B-44,Entry level adult bike; offers a comfortable ride cross-country or down the block. Quick-release hubs and rims.,ACME Corporation
"Mountain-400-W Silver, 40",BK-M38S-40,"This bike delivers a high-level of performance on a budget. It is responsive and maneuverable, and offers peace-of-mind when you decide to go off-road.",ACME Corporation
"HL Mountain Frame - Silver, 42",FR-M94S-42,Each frame is hand-crafted in our Bothell facility to the optimum diameter and wall-thickness required of a premium mountain frame. The heat-treated welded aluminum frame has a larger diameter tube that absorbs the bumps.,ACME Corporation
"Women's Tights, L",TG-W091-L,Warm spandex tights for winter riding; seamless chamois construction eliminates pressure points.,Fitness Association
LL Touring Seat Assembly,SA-T467,,ACME Corporation
Thin-Jam Lock Nut 12,LJ-9080,,Ready Rentals
External Lock Washer 4,LE-1200,,Aurora Bike Center
"ML Mountain Frame - Black, 48",FR-M63B-48,The ML frame is a heat-treated aluminum frame made with the same detail and quality as our HL frame. It offers superior performance. Women's version.,ACME Corporation
LL Grip Tape,GT-0820,,National Bike Association
"Mountain-100 Black, 38",BK-M82B-38,"Top-of-the-line competition mountain bike. Performance-enhancing options include the innovative HL Frame, super-smooth front suspension, and traction for all terrain.",ACME Corporation
"LL Road Frame - Red, 44",FR-R38R-44,"The LL Frame provides a safe comfortable ride, while offering superior bump absorption in a value-priced aluminum frame.",ACME Corporation
Lock Nut 17,LN-1220,,Mountain Works
Thin-Jam Lock Nut 16,LJ-3416,,Australia Bike Retailer
Lock Nut 18,LN-9161,,Bergeron Off-Roads
Metal Sheet 3,MS-1256,,"Custom Frames, Inc."
Metal Sheet 6,MS-2348,,"Custom Frames, Inc."
External Lock Washer 4,LE-1200,,Expert Bike Co
External Lock Washer 6,LE-5160,,Aurora Bike Center
ML Road Pedal,PD-R563,Lightweight aluminum alloy construction.,Mitchell Sports
"Half-Finger Gloves, S",GL-H102-S,"Full padding, improved finger flex, durable palm, adjustable closure.",Team Athletic Co.
"Touring-1000 Yellow, 54",BK-T79Y-54,Travel in style and comfort. Designed for maximum comfort and safety. Wide gear range takes on all hills. High-tech aluminum alloy construction provides durability without added weight.,ACME Corporation
"Touring-Panniers, Large",PA-T100,"Durable, water-proof nylon construction with easy access. Large enough for weekend trips.",International Trek Center
"LL Touring Frame - Yellow, 44",FR-T67Y-44,Lightweight butted aluminum frame provides a more upright riding position for a trip around town.  Our ground-breaking design provides optimum comfort.,ACME Corporation
Hex Nut 20,HN-5811,,Norstan Bike Hut
Seat Stays,SS-2985,,ACME Corporation
Thin-Jam Hex Nut 6,HJ-3824,,WestAmerica Bicycle Co.
Crown Race,CR-9981,,Business Equipment Center
Flat Washer 3,FW-5160,,Speed Corporation
